{
  "player": {
    "health": 20,
    "strength": 2,
    "attackspeed": 600,
    "speedMax": 1.5
  },
  
  "bat": {
    "health": 6,
    "strength": 1,
    "attackspeed": 850,
    "speedMax": 2.5
  },

  "wolf": {
    "health": 8,
    "strength": 1,
    "attackspeed": 750,
    "speedMax": 2
  },

  "witch": {
    "health": 10,
    "strength": 2,
    "attackspeed": 1500,
    "speedMax": 1.5
  },

  "golem": {
    "health": 20,
    "strength": 2,
    "attackspeed": 1250,
    "speedMax": 1
  }
}